source_id,source_name,source_owner,domain_or_agency,source_type,lane,data_available,format_available,date_range,update_frequency,access_method,contains_narratives,contains_outcomes,contains_dollar_loss,contains_remedies,contains_pii_risk,terms_or_reuse_notes,trust_tier,corpus_value_score_1_to_10,recommended_use,limitations,primary_source_confirmed_yes_no,citation_or_reference
SRC-FIN-001,CFPB Consumer Complaint Database,CFPB,consumerfinance.gov,database,consumer_financial,"13.8M+ complaints since 2011; 17 fields: product, issue, sub-issue, company, response, narrative, state, ZIP, tags, dates",csv|json|api,2011-present,daily,api,yes,yes,yes,yes,yes,Public domain; federal government work; no auth required; PII scrubbing required for ZIP/narratives,1,10,ledger_ready,Narratives opt-in only (~40%); ZIP codes quasi-identifiable,yes,https://www.consumerfinance.gov/data-research/consumer-complaints/
SRC-FIN-002,CFPB Consumer Response Annual Report 2025,CFPB,consumerfinance.gov,report,consumer_financial,"6.6M complaints in 2025, product breakdown, outcomes, company response rates, trends, geographic data",pdf|csv,2011-2025,annual,download,no,yes,yes,yes,no,Public domain; federal government publication,1,10,ledger_ready,Aggregate data only; no individual narratives,yes,https://files.consumerfinance.gov/f/documents/cfpb_2025-cr-annual-report_2026-03.pdf
SRC-FIN-003,CFPB FCRA 611(e) Annual Report,CFPB,consumerfinance.gov,report,consumer_financial,"~4.6M NCRA complaints Jan 2024-Jun 2025, dispute resolution analysis, furnisher error rates, CRA response quality",pdf,2012-2025,annual,download,no,yes,yes,no,no,Public domain; federal government report,1,9,ledger_ready,Bureau-level comparison data; no individual consumer records,yes,https://files.consumerfinance.gov/f/documents/cfpb_fcra-611e-report_2025-12.pdf
SRC-FIN-004,CFPB Enforcement Actions Database,CFPB,consumerfinance.gov,database,consumer_financial,"All public enforcement actions, consent orders, press releases, case documents with dollar amounts",html|pdf,2011-present,weekly,url,yes,yes,yes,yes,no,Public domain; court/administrative records,1,10,ledger_ready,Some cases dismissed under 2025 leadership; may need status verification,yes,https://www.consumerfinance.gov/enforcement/actions/
SRC-FIN-005,CFPB Enforcement by the Numbers,CFPB,consumerfinance.gov,dataset,consumer_financial,"$19.7B consumer relief, 195M people eligible, $5B civil penalties, yearly CSV data",csv|html,2011-2025,periodic,download,no,yes,yes,yes,no,Public domain; federal statistics,1,9,ledger_ready,Updated through Jan 2025; post-leadership updates may lag,yes,https://www.consumerfinance.gov/enforcement/enforcement-by-the-numbers/
SRC-FIN-006,FTC Consumer Sentinel Network Data Book 2024,FTC,ftc.gov,report,consumer_financial,"6.47M reports, fraud losses, identity theft, payment methods, demographics, state breakdowns",pdf|csv,1997-2024,annual,download,no,yes,yes,no,no,Public domain; federal government report; restricted law enforcement access for granular data,1,10,ledger_ready,Public dashboards are summaries; granular data restricted to law enforcement,yes,https://www.ftc.gov/reports/consumer-sentinel-network-data-book-2024
SRC-FIN-007,FTC IdentityTheft.gov,FTC,ftc.gov,api,consumer_financial,"1.1M+ identity theft reports annually, complaint narratives, recovery plans, affidavit data",api|json,ongoing,daily,api,yes,yes,yes,no,yes,Public domain; FTC consumer reporting portal; PII handling required,1,9,context,Individual-level data requires privacy safeguards,yes,https://www.identitytheft.gov
SRC-FIN-008,FTC ExploreData Dashboards,FTC,ftc.gov,api,consumer_financial,"State-level fraud breakdowns, age demographics, payment methods, quarterly updates",api|json,5-year rolling,quarterly,api,no,yes,yes,no,no,Public domain; open data API,1,8,ledger_ready,Aggregate data; public Tableau dashboards,yes,https://www.ftc.gov/exploredata
SRC-FIN-009,CFPB FDCPA Annual Report 2025,CFPB,consumerfinance.gov,report,consumer_financial,"Debt collection enforcement statistics, FTC/CPSC/DOJ enforcement data",pdf,2013-2025,annual,download,no,yes,yes,no,no,Public domain; federal statutory report,1,7,context,Annual only; enforcement trend analysis,yes,https://www.consumerfinance.gov
SRC-FIN-010,Federal Reserve Consumer Complaint Data,Federal Reserve,federalreserve.gov,report,consumer_financial,"8,355 complaints for Fed-supervised institutions in 2024, themes and trends",pdf,2014-2024,annual,download,no,yes,yes,no,no,Public domain; federal government data,1,7,context,Smaller volume; Fed-supervised institutions only,yes,https://www.consumercomplianceoutlook.org
SRC-FIN-011,CFA CFPB Enforcement Legacy Report,Consumer Federation of America,consumerfed.org,report,consumer_financial,"Analysis of 2021-2025 enforcement, $6.2B redress, $3.2B penalties, 84 actions",pdf,2021-2025,one-time,download,no,yes,yes,no,no,Publicly available advocacy report; data sourced from CFPB records,2,8,ledger_ready,Advocacy perspective but data-backed from primary sources,yes,https://consumerfed.org/the-cfpbs-2021-2025-enforcement-legacy/
SRC-FIN-012,ProtectBorrowers.org CFPB Fact Sheets,NCLC/Advocacy,protectborrowers.org,advisory,consumer_financial,"State-by-state complaint statistics, increases, relief rates",pdf,2024-2025,periodic,download,no,yes,yes,no,no,Advocacy publication; publicly available,2,7,context,Advocacy framing; verify against primary CFPB data,yes,https://protectborrowers.org
SRC-FIN-013,GAO CFPB Financial Audit FY2025,GAO,gao.gov,report,consumer_financial,"$175.7M civil penalties collected, $26.4M disgorged, fiduciary activities",pdf,FY2025,annual,download,no,yes,yes,no,no,Public domain; federal audit report,1,8,ledger_ready,Independent audit verification of CFPB financials,yes,https://www.gao.gov/assets/gao-26-108248.pdf
SRC-FIN-014,NCLC CFPB Fact Sheet,NCLC,nclc.org,advisory,consumer_financial,"$21B+ relief, 205M+ eligible, $363M servicemember relief, 6.8M+ complaints sent",pdf,2024,one-time,download,no,yes,yes,no,no,Advocacy publication; publicly available,2,7,context,Advocacy compilation; cross-reference with primary CFPB data,yes,https://www.nclc.org
SRC-FIN-015,Morgan Lewis State AG Financial Enforcement Analysis,Morgan Lewis,morganlewis.com,advisory,consumer_financial,"State AG focus areas: elder abuse, AI, EWA, BNPL, rent-to-own",html,2024-2025,periodic,url,no,no,no,no,no,Publicly available legal analysis,2,7,context,Legal analysis perspective; good for trend tracking,yes,https://www.morganlewis.com/pubs/2025/05/state-attorneys-general-step-up-consumer-financial-services-enforcement
SRC-FIN-016,Apify CFPB Complaints Scraper,Apify,apify.com,api,consumer_financial,"JSON/CSV/Excel export, field documentation, search by company/product/state/date",api|json|csv,2011-present,daily,api,yes,yes,yes,no,yes,Third-party API wrapper; wraps official CFPB API; check ToS,3,6,discovery,Third-party wrapper; wraps official CFPB API; verify data freshness,no,https://apify.com/compute-edge/cfpb-complaints-scraper
SRC-FIN-017,JD Supra CFPB Enforcement Tracking,JD Supra,jdsupra.com,news,consumer_financial,Quarterly tracking of enforcement actions by category,html,2020-present,quarterly,url,no,yes,yes,no,no,Legal publisher; publicly available,2,7,context,Legal news aggregation; good for trend tracking,yes,https://www.jdsupra.com
SRC-FIN-018,FTC National Do Not Call Registry Data Book FY2025,FTC,ftc.gov,report,consumer_financial,"DNC complaints, robocall data, state-by-state registration statistics",pdf,2003-2025,annual,download,no,yes,yes,no,no,Public domain; federal report,1,6,context,Telemarketing-related financial harm data,yes,https://www.ftc.gov
SRC-FIN-019,FTC Protecting Older Adults Report 2024-2025,FTC,ftc.gov,report,consumer_financial,"Fraud targeting older adults, aggregate losses $10.1B-$81.5B estimated",pdf,2020-2024,annual,download,no,yes,yes,no,no,Public domain; federal government report,1,8,ledger_ready,Detailed elder financial exploitation data,yes,https://www.ftc.gov/system/files/ftc_gov/pdf/P144400-OlderAdultsReportDec2025.pdf
SRC-FRA-001,FBI IC3 2025 Internet Crime Report,FBI IC3,fbi.gov,report,fraud_digital,"1,008,597 complaints; $20.877B losses; 26% increase; BEC $3.046B; ransomware $32.32M; investment fraud $8.649B; crypto $11.3B; AI section",pdf|csv,2025,annual,download,no,yes,yes,yes,no,Public domain; federal government report,1,10,ledger_ready,Most comprehensive cybercrime dataset; annual only,yes,https://www.fbi.gov/file-repository/2025_ic3report.pdf
SRC-FRA-002,FBI IC3 2024 Internet Crime Report,FBI IC3,fbi.gov,report,fraud_digital,"859,532 complaints; $16.6B losses; 333,981 cyber-enabled fraud complaints; BEC 21,442 complaints",pdf|csv,2024,annual,download,no,yes,yes,yes,no,Public domain; federal government report,1,10,ledger_ready,Baseline comparison year for trend analysis,yes,https://www.fbi.gov/news/press-releases/fbi-releases-annual-internet-crime-report
SRC-FRA-003,FBI Press Release Crypto and AI Scams,FBI,fbi.gov,report,fraud_digital,"IC3 summary: $20.877B losses; crypto 181,565 complaints $11B+; AI 22,364 complaints ~$893M; Operation Level Up 8,000+ victims",html|pdf,2025-2026,annual,download,no,yes,yes,yes,no,Public domain; federal government press release,1,10,ledger_ready,Companion to IC3 report with operational highlights,yes,https://www.fbi.gov/news/press-releases/cryptocurrency-and-ai-scams-bilk-americans-of-billions
SRC-FRA-004,FTC Consumer Sentinel Network Data Book 2024,FTC,ftc.gov,report,fraud_digital,$12.5B+ fraud losses; 2.6M fraud reports; 1.1M identity theft reports; investment scams $5.7B; imposter scams $2.95B,pdf|csv,2024,annual,download,no,yes,yes,no,no,Public domain; federal government report,1,10,ledger_ready,Comprehensive annual dataset; partial overlap with FIN lane,yes,https://www.ftc.gov/exploredata
SRC-FRA-005,SEC Enforcement Results FY2025,SEC,sec.gov,report,fraud_digital,Cyber and Emerging Technologies Unit launched Feb 2025; Unicoin charges; PGI Global $198M fraud; Nate AI $42M+ fraud,pdf|html,FY2025,annual,download,no,yes,yes,yes,no,Public domain; federal enforcement report,1,9,ledger_ready,Crypto/investment fraud enforcement data,yes,https://www.sec.gov/newsroom/press-releases/2026-34
SRC-FRA-006,SEC Cryptocurrency Enforcement 2025 Update,Cornerstone Research,cornerstone.com,report,fraud_digital,"33 crypto actions in 2024, 13 in 2025 (-60%); $142M penalties 2025; enforcement shift under new administration",html|pdf,2013-2025,annual,download,no,yes,yes,no,no,Publicly available research report; third-party analysis of SEC data,2,8,context,Analysis of SEC data; good for enforcement trend tracking,yes,https://www.cornerstone.com/insights/research/sec-cryptocurrency-enforcement-2025-update/
SRC-FRA-007,FTC Annual Report Protecting Older Adults 2024-2025,FTC,ftc.gov,report,fraud_digital,"Elder losses $2.4B (2024), 4x from 2020; $81.5B estimated true cost; Restoro $25.5M refunds; Aqua Finance $20M refunds",pdf,2020-2024,annual,download,no,yes,yes,yes,no,Public domain; federal government report,1,9,ledger_ready,Comprehensive elder fraud data with enforcement outcomes,yes,https://www.ftc.gov/news-events/news/press-releases/2025/12/ftc-issues-annual-report
SRC-FRA-008,AARP FBI Report Analysis 2025,AARP,aarp.org,report,fraud_digital,60+ losses $7.7B (+60%); investment scams $8.6B; crypto fraud $11.3B; tech support $2.1B; romance $929M,html,2025,annual,url,no,yes,yes,no,no,Publicly available; advocacy organization analysis,2,9,context,Advocacy analysis; good for consumer-facing narratives,yes,https://www.aarp.org/money/scams-fraud/fbi-ftc-report-2025-losses/
SRC-FRA-009,CFTC Virtual Currency Enforcement Trends,JD Supra/Cornerstone,jdsupra.com,report,fraud_digital,"130 total actions Q1 2015-Q3 2025; 10 actions in 2024, 0 in 2025 (Q1-Q3); BTC in 98 actions, ETH in 25",html,2015-2025,quarterly,url,no,yes,yes,no,no,Publicly available legal analysis,2,7,context,CFTC crypto enforcement trends; regulatory intelligence,yes,https://www.jdsupra.com/legalnews/key-trends-in-cftc-virtual-currency-2636711/
SRC-FRA-010,McDonald Hopkins IC3 2025 Analysis,McDonald Hopkins,mcdonaldhopkins.com,advisory,fraud_digital,$20.877B (+26%); BEC $3.046B; AI-nexus BEC $30M+; ransomware $32.32M (+259%); 63 new ransomware variants,html,2025,annual,url,no,yes,yes,no,no,Publicly available legal analysis,2,8,context,Law firm analysis of IC3 data; good for legal perspective,yes,https://www.mcdonaldhopkins.com/insights/news/the-sobering-truth-of-the-fbis-2025-internet-crime-complaint-center-report
SRC-FRA-011,TitanHQ State of Email Security 2025,TitanHQ,titanhq.com,report,fraud_digital,BEC trends; $50M construction loss; $426K spoofed attorney; $4.9M real estate recovery; employee breach statistics,html|pdf,2024-2025,annual,download,no,yes,yes,no,no,Publicly available industry report,2,8,context,Email security and BEC trend analysis,yes,https://www.titanhq.com/email-security-2025/state-email-security-report-2025/
SRC-FRA-012,LevelBlue BEC Trends 2025,LevelBlue/AT&T,levelblue.com,report,fraud_digital,"BEC emails +15% in 2025; 3,000+ intercepted/month; peak 4,300 July; contact details swapping tactics",html,2025,annual,url,no,yes,no,no,no,Publicly available industry report,2,7,context,BEC threat intelligence from AT&T security arm,yes,https://www.levelblue.com/blogs/spiderlabs-blog/bec-email-trends-attacks-up-15-in-2025/
SRC-FRA-013,Deepfake Statistics and Trends 2026,Keepnet Labs,keepnetlabs.com,report,fraud_digital,"Gen AI fraud $12.3B (2023) to $40B (2027); avg $500K per incident; deepfake losses $1.1B US 2025 (3x); vishing +1,600%",html,2023-2026,annual,url,no,yes,yes,no,no,Publicly available industry research,2,7,context,Comprehensive deepfake fraud statistics,yes,https://keepnetlabs.com/blog/deepfake-statistics-and-trends
SRC-FRA-014,Synthetic Identity Fraud Statistics 2026,BIIA,biia.com,report,fraud_digital,$30-35B annual US losses; $3.3B lender exposure; 80%+ of new account fraud; projected $23B by 2030,html,2023-2026,annual,url,no,yes,yes,no,no,Publicly available industry research,2,7,context,Synthetic identity fraud landscape overview,yes,https://www.biia.com/synthetic-identity-fraud-statistics-2026/
SRC-FRA-015,Romance Scam Statistics 2025-2026,Arnaques-Rencontres,arnaques-rencontres.fr,report,fraud_digital,"FTC $1.2B; IC3 $672M; pig butchering $3.9B; 60,000+ reports; crypto 34% payments; social media 40% contact",html,2024-2025,annual,url,no,yes,yes,no,no,Publicly available research,2,7,context,Comprehensive romance scam statistics including pig butchering,yes,https://www.arnaques-rencontres.fr/en/articles/romance-scam-statistics
SRC-FRA-016,KELA Ransomware Report 2025,KELA,codekeeper.co,report,fraud_digital,"4,701 ransomware incidents Jan-Sep 2025 (+34%); 2,332 critical infrastructure (50%); manufacturing +61%",html,2025,annual,url,no,yes,yes,no,no,Publicly available threat intelligence report,2,8,context,Ransomware threat intelligence with sector breakdowns,yes,https://codekeeper.co/ticker/ransomware-attacks-on-critical-infrastructure-2025
SRC-FRA-017,FTC Social Media Scam Losses,FTC,ftc.gov,report,fraud_digital,$1.1B investment scams on social media; shopping scams most reported; 60% romance scams started on social media,html,2025,annual,url,no,yes,yes,no,no,Public domain; federal government report,1,9,ledger_ready,Social media as fraud distribution channel data,yes,https://www.ftc.gov/news-events/news/press-releases/2026/04/new-ftc-data-show-people-have-lost-billions-to-social-media-scams
SRC-FRA-018,Cifas Fraudscape UK 2025,Cifas,cifas.org.uk,report,fraud_digital,"217,000 cases H1 2025; 118,000 identity fraud; insurance +25%; telco takeovers 69%; people selling own identities",html|pdf,2025,semi-annual,download,no,yes,yes,no,no,Publicly available; UK fraud prevention service data,2,7,context,UK fraud data; useful for international comparison,yes,https://www.cifas.org.uk/newsroom/fraudscape-2025-6monthupdate
SRC-FRA-019,TransUnion Identity Fraud Trends,TransUnion,events.afcea.org,report,fraud_digital,"1.6B records exposed 2024; 2,400+ breaches; gov fraud rate 6.7% (+31%); SSN mismatch 6%; $3.3B lender exposure",pdf,2024-2025,annual,download,no,yes,yes,no,no,Publicly available industry report; vendor-sponsored data,2,7,context,Industry perspective on identity fraud trends,yes,https://events.afcea.org/fedid25/CUSTOM/pdf/transunion_tl.pdf
SRC-FRA-020,Sumsub Identity Fraud Trends 2026,Sumsub,sumsub.com,report,fraud_digital,Sophisticated fraud 10% to 28% (+180%); overall fraud stable 2.0% to 2.2%; 311% synthetic ID doc fraud surge,html,2024-2025,annual,url,no,yes,no,no,no,Publicly available industry report; vendor-sponsored,2,7,context,Identity verification vendor data; useful for sophistication trends,yes,https://sumsub.com/blog/top-new-identity-fraud-trends/
SRC-FRA-021,DeepStrike Ransomware Statistics 2026,DeepStrike,deepstrike.io,report,fraud_digital,"7,500 victims on leak sites (+58%); $820M blockchain payments; 28% payment rate; median $59.6K; 77% double extortion",html,2024-2025,annual,url,no,yes,yes,no,no,Publicly available threat intelligence,2,7,context,Ransomware payment and victim statistics,yes,https://deepstrike.io/blog/ransomware-statistics-2025
SRC-FRA-022,Nacha BEC Analysis 2024,Nacha,nacha.org,report,fraud_digital,BEC losses: almost $8.5B lost over last three years; payment system fraud trends,html,2022-2024,annual,url,no,yes,yes,no,no,Publicly available; payment industry association,2,7,context,ACH/payment system BEC data,yes,https://nacha.org/news/fbis-ic3-finds-almost-85-billion-lost-business-email-compromise-last-three-years
SRC-FRA-023,Identity Theft Statistics 2025,Motley Fool,fool.com,report,fraud_digital,"1,157,317 cases Q1-Q3 2025; 2024: 1,135,291; Javelin $23B losses 2023; record pace for 2025",html,2020-2025,annual,url,no,yes,yes,no,no,Publicly available financial publisher analysis,2,7,context,Consumer-facing identity theft statistics,yes,https://www.fool.com/money/research/identity-theft-credit-card-fraud-statistics/
SRC-FRA-024,Elder Fraud Statistics 2026,Discreet Investigations,discreetinvestigations.ca,report,fraud_digital,"$4.8B (2024 IC3); $2.4B (2024 FTC); avg $83K loss; DOJ 300 actions, 700 defendants, $700M",html,2020-2025,annual,url,no,yes,yes,no,no,Publicly available research compilation,2,7,context,Elder fraud compilation from multiple sources,yes,https://discreetinvestigations.ca/research/elder-fraud-statistics/
SRC-FRA-025,Account Takeover Statistics 2025,AuthX,authx.com,report,fraud_digital,$12.5B identity fraud losses; $17B global ATO projected; $5M avg corporate breach; $2.9B ATO losses; fastest-growing fraud,html,2024-2025,annual,url,no,yes,yes,no,no,Publicly available industry report; vendor-sponsored,2,7,context,ATO fraud trends and statistics,yes,https://authx.com/blog/account-takeover-fraud-statistics-insights/
SRC-FRA-026,Barclays Romance Scam Bulletin,Barclays,home.barclays,report,fraud_digital,"Romance scams up 20% YoY Q1 2025; average loss GBP 8,000; 61+ lost average GBP 19,000; men 60% of reports",html,2025,quarterly,url,no,yes,yes,no,no,Publicly available bank research,2,7,context,UK bank perspective on romance scam trends,yes,https://home.barclays/news/press-releases/2025/04/barclays-scams-bulletin
SRC-CYB-001,CISA KEV Catalog,CISA,cisa.gov,database,cyber_ai,"1,484 vulnerabilities cataloged; 245 added in 2025; 304 linked to ransomware; 20% catalog growth",json|api|csv,2021-present,weekly,api,no,no,no,yes,no,Public domain; federal government; free API,1,10,ledger_ready,Critical vulnerability intelligence with remediation deadlines,yes,https://www.cisa.gov/known-exploited-vulnerabilities-catalog
SRC-CYB-002,CISA Secure by Design Pledge,CISA,cisa.gov,standard,cyber_ai,"68 companies pledged; multi-factor auth, default password reduction, vulnerability reduction goals",html,2024,ongoing,url,no,no,no,no,no,Public domain; federal initiative,1,7,context,Software security standards initiative,yes,https://www.cisa.gov/securebydesign
SRC-CYB-003,MITRE ATT&CK Framework,MITRE,attack.mitre.org,database,cyber_ai,257 adversaries tracked; 26 newly named in 2024; expanded cloud/identity/LOTL techniques,json|api|stix,2013-present,quarterly,api,no,no,no,no,no,Public domain; MITRE operates under federal contract; freely available,1,10,ledger_ready,Globally accessible knowledge base of adversary tactics,yes,https://attack.mitre.org
SRC-CYB-004,IBM Cost of Data Breach Report 2025,IBM,ibm.com,report,cyber_ai,Global avg breach cost $4.44M; US avg $10.22M; healthcare $7.42M; shadow AI +$670K; 97% AI breaches lack access controls,pdf|html,2024-2025,annual,download,no,yes,yes,no,no,Publicly available; vendor-sponsored research; large sample (604 orgs),1,9,ledger_ready,Breach cost benchmark data; vendor-sponsored but methodologically rigorous,yes,https://www.ibm.com/security/data-breach
SRC-CYB-005,HHS OCR Breach Portal,HHS,hhs.gov,database,cyber_ai,"7,419 large breaches since 2009; 935M+ individuals affected; 742 breaches in 2024; 289M+ affected",json|api|csv,2009-present,daily,api,no,yes,yes,no,yes,Public domain; federal requirement (HIPAA); searchable by entity/state/date,1,10,ledger_ready,Healthcare breach data; PII risk from covered entity names,yes,https://ocrportal.hhs.gov/ocr/breach/breach_report.jsf
SRC-CYB-006,NHS England Synnovis Incident Report,NHS England,england.nhs.uk,report,cyber_ai,"11,000+ appointments delayed; 800+ operations cancelled; blood shortages; at least 1 confirmed death; 6-month recovery",html|pdf,2024,ongoing,url,no,yes,no,no,yes,Public domain; UK government healthcare data,1,9,ledger_ready,Critical infrastructure ransomware impact documentation,yes,https://www.england.nhs.uk
SRC-CYB-007,AHA Change Healthcare Report,American Hospital Association,aha.org,report,cyber_ai,192.7M individuals affected; 74% hospitals reported patient care impact; 94% financial impact; 33% lost >half revenue,html|pdf,2024,one-time,download,no,yes,yes,no,no,Publicly available; industry association report,1,9,ledger_ready,Largest healthcare breach in history; sector-wide impact data,yes,https://www.aha.org
SRC-CYB-008,NIST AI RMF Agentic Profile,CSA/NIST,cloudsecurityalliance.org,standard,cyber_ai,Four-tier autonomy classification; governance requirements for agentic AI; runtime behavioral telemetry requirements,pdf|html,2026,ongoing,download,no,no,no,no,no,Public domain; federal standards framework,1,10,ledger_ready,Foundational framework for AI agent governance; May 2026 publication,yes,https://labs.cloudsecurityalliance.org
SRC-CYB-009,OWASP Top 10 for LLMs 2025,OWASP,owasp.org,standard,cyber_ai,Prompt injection #1 risk; system prompt leakage #7; vector/embedding weaknesses #8; 10 comprehensive controls,html|pdf,2025,annual,download,no,no,no,no,no,Open source standard; freely available,1,10,ledger_ready,Industry-standard LLM security risk framework,yes,https://trydeepteam.com
SRC-CYB-010,arXiv AI Agent Vulnerability Research,arXiv,arxiv.org,report,cyber_ai,Attack success rates 0.5% (Claude Opus 4.5) to 8.5% (Gemini 2.5 Pro); universal attacks succeeded across 21/41 behaviors,pdf,2026,ongoing,download,no,no,no,no,no,Open access academic preprint,1,10,ledger_ready,Peer-reviewed AI agent security vulnerability research; arXiv:2603.15714,yes,https://arxiv.org/abs/2603.15714
SRC-CYB-011,MIT AI Agent Index 2025,MIT,aiagentindex.mit.edu,database,cyber_ai,Agentic AI capabilities assessment; L4-L5 autonomy deployments; safety evaluation gaps,html|json,2025,annual,api,no,no,no,no,no,Open access; academic research,1,9,context,Academic index of AI agent capabilities and risks,yes,https://aiagentindex.mit.edu
SRC-CYB-012,International AI Safety Report 2026,International AI Safety,cybersecurityasia.net,report,cyber_ai,"""Fully autonomous end-to-end attacks have not been reported. However, research suggests this is a 'when, not if' scenario""",pdf,2026,annual,download,no,no,no,no,no,Publicly available international report,1,8,context,Global AI safety assessment; authoritative multi-country perspective,yes,https://www.cybersecurityasia.net
SRC-CYB-013,CrowdStrike Global Threat Report 2025,CrowdStrike,crowdstrike.com,report,cyber_ai,257 adversaries; 150% China-nexus increase; 266% cloud-conscious intrusions; 442% vishing increase; malware-free attacks 79%,pdf|html,2024,annual,download,no,yes,no,no,no,Publicly available; vendor-sponsored threat intelligence,2,8,context,Leading threat intelligence vendor annual report,yes,https://www.crowdstrike.com/global-threat-report
SRC-CYB-014,Coveware Ransomware Reports,Coveware,coveware.com,report,cyber_ai,Payment refusal rate 64%; total ransom payments $813.55M in 2024; re-attack rate 80%; data recovery failure 96%,html|pdf,2019-2025,quarterly,download,no,yes,yes,no,no,Publicly available; vendor-sponsored but widely cited,2,8,ledger_ready,Quarterly ransomware payment and outcome statistics,yes,https://www.coveware.com
SRC-CYB-015,Chainalysis Ransomware Payments,Chainalysis,chainalysis.com,report,cyber_ai,Blockchain analysis of ransomware payments; payment trends; cryptocurrency tracing,html|pdf,2020-2025,annual,download,no,yes,yes,no,no,Publicly available; vendor-sponsored blockchain analytics,2,8,ledger_ready,Cryptocurrency-based ransomware payment data,yes,https://www.chainalysis.com
SRC-CYB-016,Verizon DBIR 2025,Verizon,verizon.com,report,cyber_ai,"30,000+ incidents analyzed; breach patterns by industry; attack vectors; incident classification",pdf|html,2024,annual,download,no,yes,no,no,no,Publicly available; industry gold standard,2,9,context,Annual breach industry benchmark; large sample size,yes,https://www.verizon.com/business/resources/reports/dbir/
SRC-CYB-017,Sophos State of Ransomware 2025,Sophos,sophos.com,report,cyber_ai,Ransomware trends; payment rates; recovery outcomes; sector analysis,pdf|html,2024-2025,annual,download,no,yes,yes,no,no,Publicly available; vendor-sponsored research,2,8,context,Annual ransomware survey; sector-level breakdowns,yes,https://www.sophos.com/state-of-ransomware
SRC-CYB-018,Cyble KEV Analysis,Cyble,thecyberexpress.com,report,cyber_ai,CISA KEV catalog analysis; 20% growth in 2025; oldest vulnerability CVE-2007-0671 added; CWE breakdowns,html,2025,ongoing,url,no,no,no,no,no,Publicly available threat intelligence analysis,2,7,context,Third-party analysis of CISA KEV data,yes,https://thecyberexpress.com
SRC-CYB-019,MazeHQ Vulnerability Report,MazeHQ,mazehq.com,report,cyber_ai,"Vulnerability statistics; ~50,000 CVEs in 2025; 22% increase; 300,000 cumulative; negative-one-day avg exploitation",html|pdf,2025,annual,url,no,no,no,no,no,Publicly available research,2,7,context,CVE publication and exploitation timeline analysis,yes,https://www.mazehq.com
SRC-CYB-020,Intruder.io Top Vulnerabilities,Intruder,intruder.io,report,cyber_ai,"Top RCE vulnerabilities of 2025; React2Shell, ToolShell, Oracle EBS zero-day analysis",html,2025,annual,url,no,no,no,no,no,Publicly available security research,2,7,context,Technical vulnerability analysis and weaponization data,yes,https://www.intruder.io
SRC-CYB-021,Guardz Data Breaches 2025,Guardz,guardz.com,report,cyber_ai,4.4M TransUnion records exposed; Yale New Haven 5.5M; Farmers 1.1M policyholders; breach notifications,html,2025,ongoing,url,no,yes,no,no,yes,Publicly available; vendor-sponsored breach tracking,2,8,context,Data breach compilation and analysis; PII risk from victim details,yes,https://www.guardz.com
SRC-CYB-022,PKWare Data Breaches 2025,PKWare,pkware.com,report,cyber_ai,Healthcare and enterprise breach tracking; Marks & Spencer £300M profit loss; third-party vendor risk,html,2025,ongoing,url,no,yes,yes,no,no,Publicly available; vendor-sponsored analysis,2,7,context,Enterprise breach impact analysis,yes,https://www.pkware.com
SRC-CYB-023,Faxsipit Healthcare Statistics,Faxsipit,faxsipit.com,report,cyber_ai,Healthcare breach statistics; cumulative since 2009; 935M+ individuals affected,html,2009-2025,annual,url,no,yes,no,no,no,Publicly available healthcare compliance data,2,7,context,Healthcare breach statistics aggregation,yes,https://www.faxsipit.com
SRC-CYB-024,SentinelOne Jailbreak Guide,SentinelOne,sentinelone.com,report,cyber_ai,LLM jailbreaking techniques; many-shot jailbreaking; attack success rates,html|pdf,2025,ongoing,url,no,no,no,no,no,Publicly available security research; vendor-sponsored,2,7,context,LLM jailbreak research and defense guidance,yes,https://www.sentinelone.com
SRC-CYB-025,Checkpoint OWASP LLM Poisoning,Checkpoint,checkpoint.com,report,cyber_ai,LLM data poisoning analysis; Hugging Face 100 poisoned models; MCP tool backdoors,html|pdf,2025,ongoing,url,no,no,no,no,no,Publicly available security research; vendor-sponsored,2,7,context,AI supply chain poisoning threats and detection,yes,https://www.checkpoint.com
SRC-CYB-026,Palo Alto Unit 42 Ivanti Brief,Palo Alto Networks,unit42.paloaltonetworks.com,report,cyber_ai,CVE-2025-0282 Ivanti Connect Secure analysis; zero-day exploitation; Silk Typhoon attribution,html|pdf,2025,ongoing,url,no,no,no,no,no,Publicly available threat intelligence; vendor-sponsored,2,7,context,Nation-state exploitation of VPN appliance vulnerabilities,yes,https://unit42.paloaltonetworks.com
SRC-CYB-027,BlackBerry Salt Typhoon Analysis,BlackBerry,blackberry.com,report,cyber_ai,Salt Typhoon telecom espionage; 8+ US telecoms breached; GhostSpider/Masol RAT; 20+ countries affected,html|pdf,2024-2025,ongoing,url,no,no,no,no,no,Publicly available threat intelligence; vendor-sponsored,2,8,context,Nation-state APT telecom breach analysis,yes,https://www.blackberry.com
SRC-CYB-028,Veeam Coveware Q2 2025,Veeam,veeam.com,report,cyber_ai,Ransomware payment trends Q2 2025; backup recovery statistics; incident response data,html|pdf,2025,quarterly,download,no,yes,yes,no,no,Publicly available; vendor-sponsored research,2,7,context,Quarterly ransomware and backup recovery trends,yes,https://www.veeam.com
SRC-CYB-029,BankInfoSecurity MOVEit Report,BankInfoSecurity,bankinfosecurity.com,report,cyber_ai,MOVEit Transfer supply chain attack; 131+ organizations; millions affected,html,2024,ongoing,url,no,yes,no,no,yes,Publicly available security news; PII from victim organization names,2,7,context,Supply chain attack tracking and analysis,yes,https://www.bankinfosecurity.com
SRC-CYB-030,HyperProof Change Healthcare Analysis,HyperProof,hyperproof.io,report,cyber_ai,192.7M individuals affected; $22M ransom; UnitedHealth $2B+ emergency funding; 6TB stolen,html|pdf,2024,one-time,url,no,yes,yes,no,yes,Publicly available analysis; vendor-sponsored,2,8,context,Deep dive on largest healthcare breach in history,yes,https://www.hyperproof.io
SRC-CYB-031,CyberSecurityIntelligence NHS Attack,CyberSecurityIntelligence,cybersecurityintelligence.com,report,cyber_ai,"Synnovis/NHS London ransomware: 11,000+ appointments delayed; 1 confirmed death; 6-month recovery",html,2024,ongoing,url,no,yes,no,no,yes,Publicly available security news,2,7,context,NHS ransomware impact detailed reporting,yes,https://www.cybersecurityintelligence.com
SRC-CYB-032,Giskard Best-of-N Jailbreaking,Giskard,giskard.ai,report,cyber_ai,Near 100% jailbreak success rates; best-of-N attack methodology; defense recommendations,html|pdf,2025,ongoing,url,no,no,no,no,no,Open source security research,2,7,context,AI jailbreak research with high success rates,yes,https://www.giskard.ai
SRC-CYB-033,SOCRadar CVE Analysis,SOCRadar,socradar.io,report,cyber_ai,CVE analysis and threat intelligence; vulnerability exploitation tracking,html|api,2025,ongoing,api,no,no,no,no,no,Publicly available; vendor-sponsored; free tier available,2,7,context,Vulnerability intelligence platform data,yes,https://socradar.io
SRC-CYB-034,FalconFeeds China APT,FalconFeeds,falconfeeds.io,report,cyber_ai,China-nexus APT activity tracking; Salt Typhoon; Volt Typhoon; Silk Typhoon analysis,html|api,2024-2025,ongoing,url,no,no,no,no,no,Publicly available threat intelligence,2,7,context,Nation-state APT tracking and analysis,yes,https://falconfeeds.io
SRC-CYB-035,CyberMagazine CrowdStrike 2026,CyberMagazine,cybermagazine.com,report,cyber_ai,CrowdStrike 2026 report highlights; fastest breakout time 27 seconds; avg 29 minutes,html,2026,annual,url,no,no,no,no,no,Publicly available security news,2,7,context,Incident response time benchmark data,yes,https://cybermagazine.com
SRC-CYB-036,Synnovis Official Updates,Synnovis,synnovis.co.uk,report,cyber_ai,Official NHS London pathology provider incident updates; system recovery timeline,html,2024,ongoing,url,no,yes,no,no,yes,Public domain; UK NHS official communications,1,8,context,Primary source incident documentation; PII from operational data,yes,https://www.synnovis.co.uk
SRC-CYB-037,FireCompass Synnovis Analysis,FireCompass,firecompass.com,report,cyber_ai,Synnovis ransomware technical analysis; Qilin ransomware group attribution,html,2024,one-time,url,no,no,no,no,no,Publicly available security analysis; vendor-sponsored,2,7,context,Technical analysis of critical infrastructure ransomware,yes,https://www.firecompass.com
SRC-CYB-038,311 Institute Secure by Design,311 Institute,311institute.com,report,cyber_ai,CISA Secure by Design pledge analysis; manufacturer accountability framework,html|pdf,2024,one-time,url,no,no,no,no,no,Publicly available research,2,6,context,Software security standards analysis,yes,https://311institute.com
SRC-CYB-039,GovCIO Media Secure by Design,GovCIO,govciomedia.com,report,cyber_ai,Federal cybersecurity policy; CISA initiatives; secure-by-design government implementation,html,2024,ongoing,url,no,no,no,no,no,Publicly available government technology media,2,6,context,Federal cybersecurity policy coverage,yes,https://govciomedia.com
SRC-CYB-040,SecurityWeek CISA KEV,SecurityWeek,securityweek.com,report,cyber_ai,CISA KEV catalog updates and analysis; vulnerability threat intelligence,html|api,2025,ongoing,url,no,no,no,no,no,Publicly available security news,2,7,context,Security news with CISA KEV analysis,yes,https://www.securityweek.com
SRC-CYB-041,NETBankAudit Financial CVEs,NETBankAudit,netbankaudit.com,report,cyber_ai,Financial sector CVE analysis; vulnerability impact on banking infrastructure,html,2025,ongoing,url,no,no,no,no,no,Publicly available financial sector security analysis,2,6,context,Financial sector-specific vulnerability analysis,yes,https://www.netbankaudit.com
SRC-CYB-042,Bright Defense Ransomware Stats,Bright Defense,brightdefense.com,report,cyber_ai,Ransomware statistics and defense recommendations; small business focus,html,2026,annual,url,no,yes,no,no,no,Publicly available; vendor-sponsored,2,6,context,SMB-focused ransomware defense guidance,yes,https://brightdefense.com
SRC-CYB-043,CNIICS Ransomware Payout Stats,CNIIC Solutions,cnicsolutions.com,report,cyber_ai,Ransomware payment statistics; payout trends; recovery data,html,2026,ongoing,url,no,yes,yes,no,no,Publicly available analysis,2,6,context,Ransomware payment outcome statistics,yes,https://www.cnicsolutions.com
SRC-CYB-044,Ransomware Statistics 2026,StationX,stationx.net,report,cyber_ai,Comprehensive ransomware statistics compilation; victim counts; payment rates,html,2026,annual,url,no,yes,yes,no,no,Publicly available research compilation,2,6,context,Ransomware statistics aggregation,yes,https://www.stationx.net
SRC-CYB-045,Baker Donelson IBM Breach Analysis,Baker Donelson,bakerdonelson.com,report,cyber_ai,IBM Cost of Breach 2025 analysis; healthcare breach trends; legal implications,html|pdf,2025,annual,url,no,yes,yes,no,no,Publicly available legal analysis,2,7,context,Law firm analysis of breach cost data,yes,https://www.bakerdonelson.com
SRC-CYB-046,Bluefin IBM Breach Key Findings,Bluefin,bluefin.com,report,cyber_ai,Breach cost key findings; tokenization impact; payment security recommendations,html|pdf,2025,annual,url,no,yes,no,no,no,Publicly available; vendor-sponsored analysis,2,6,context,Payment security vendor breach analysis,yes,https://www.bluefin.com
SRC-PRP-001,CFPB Consumer Response Annual Report 2024,CFPB,consumerfinance.gov,report,property_contractor,"~3.19M complaints; mortgage, HELOC, personal loan complaint data with outcomes; geographic and demographic breakdowns",pdf,2011-2024,annual,download,no,yes,yes,no,no,Public domain; federal government report,1,8,ledger_ready,Aggregate consumer complaint data; no contractor-specific category,yes,https://files.consumerfinance.gov/f/documents/cfpb_cr-annual-report_2025-05.pdf
SRC-PRP-002,California CSLB FY 2024-25 Enforcement Report,California CSLB,cslb.ca.gov,report,property_contractor,"10,399 complaints referred; 591 revocations; 455 suspensions; 1,655 citations; 1,499 criminal/AG referrals",pdf,FY2024-25,annual,download,no,yes,yes,yes,no,Public domain; state government report,1,9,ledger_ready,Most comprehensive state contractor enforcement data available,yes,https://www.cslb.ca.gov/Resources/Reports/Enforcement/CSLB_FY_2024-25_Enforcement_Report.pdf
SRC-PRP-003,Tennessee State Board for Licensing Contractors,TN State Board,capitol.tn.gov,report,property_contractor,829 complaints FY2025; 236 enforcement actions; $900K+ in civil penalties (2024),pdf|html,FY2025,annual,download,no,yes,yes,yes,no,Public domain; state government data,1,8,ledger_ready,Detailed state-level contractor enforcement statistics,yes,http://capitol.tn.gov/Archives/Joint/committees/gov-opps/com/State%20Board%20for%20Licensing%20Contractors_QA_2025.pdf
SRC-PRP-004,FTC Ygrene Enforcement Action,FTC,ftc.gov,enforcement_action,property_contractor,$2.9M in consumer refunds; 960 victims; home improvement financing fraud; forged liens,html|pdf,2024-2025,one-time,url,yes,yes,yes,yes,no,Public domain; federal enforcement action,1,9,ledger_ready,Specific home improvement financing fraud case with restitution data,yes,https://www.ftc.gov/news-events/news/press-releases/2025/07/ftc-sends-more-29-million-consumers-harmed-home-improvement-financing-firm
SRC-PRP-005,Illinois AG Top 10 Complaints 2024,Illinois AG,illinoisattorneygeneral.gov,report,property_contractor,"2,256 construction complaints (#1 category); $12M saved via mediation; $48M via enforcement",html|pdf,2024,annual,url,no,yes,yes,yes,no,Public domain; state government report,1,8,ledger_ready,State AG enforcement with contractor complaint as top category,yes,https://illinoisattorneygeneral.gov/news/story/attorney-general-raoul-recognizes-national-consumer-protection-week-announces-top-10-list-of-consumer-complaints-3-3-25
SRC-PRP-006,Minnesota DLI Enforcement Actions,Minnesota DLI,dli.mn.gov,enforcement_action,property_contractor,Specific enforcement cases with dollar amounts; unlicensed contractor fines; license revocations,pdf,2024,ongoing,download,yes,yes,yes,yes,no,Public domain; state government enforcement,1,7,ledger_ready,Specific enforcement cases with dollar amounts,yes,https://www.dli.mn.gov/sites/default/files/pdf/review71summer24.pdf
SRC-PRP-007,Lex Machina Insurance Litigation Report 2025,Lex Machina,lexisnexis.com,report,property_contractor,"3,500+ homeowner policy lawsuits in 2024 (non-hurricane); litigation trend data since 2009",pdf|html,2009-2024,annual,download,no,yes,yes,no,no,Proprietary legal analytics; publicly available summary,1,8,ledger_ready,Federal court insurance litigation analytics; proprietary data,yes,https://www.lexisnexis.com/community/pressroom/b/news/posts/lex-machina-2025-insurance-litigation-report-maps-a-changing-world-of-coverage-disputes
SRC-PRP-008,NCS Credit Lien Index Q3 2025,NCS Credit,ncscredit.com,dataset,property_contractor,"National and regional mechanic's lien activity; state-level filing volumes; Texas, FL, CA, GA, NV leading",html|csv,2015-2025,quarterly,download,no,yes,yes,no,no,Commercial data; publicly available summaries,2,7,ledger_ready,Quarterly mechanic's lien index; subscription for full data,yes,https://www.ncscredit.com/education-center/blog/lien-index-q3-2025
SRC-PRP-009,Consumer Federation of America 2024 Complaint Survey,CFA,consumerfed.org,report,property_contractor,"41 agencies across 31 states; 350,000+ complaints handled; $890M+ in consumer relief",pdf,2024,annual,download,yes,yes,yes,yes,no,Publicly available advocacy report,2,8,ledger_ready,National consumer agency survey; home improvement ranks #3 complaint category,yes,https://consumerfed.org/wp-content/uploads/2025/06/2024-Consumer-Complaint-Survey-Report-Final-June-2025.pdf
SRC-PRP-010,Seyfarth Shaw Commercial Litigation Outlook 2025,Seyfarth Shaw,carriermanagement.com,advisory,property_contractor,Construction defect litigation trends; skilled labor shortage connections; commercial litigation forecasts,html|pdf,2025,annual,url,no,yes,yes,no,no,Publicly available legal analysis,2,7,context,Construction defect litigation trends and forecasts,yes,https://www.carriermanagement.com/news/2025/03/14/272933.htm
SRC-PRP-011,Reviews.com Home Warranty Survey 2024,Reviews.com/YouGov,reviews.com,dataset,property_contractor,"2,584 adults; 49% claim satisfaction rate; denial and partial coverage data",html|csv,2024,annual,url,no,yes,no,no,no,Publicly available survey results,2,7,context,Home warranty satisfaction survey data,yes,https://www.reviews.com/insurance/home-warranty/satisfaction-survey/
SRC-PRP-012,Warranty Week New Home Builder Warranty Report,Warranty Week,warrantyweek.com,report,property_contractor,"$1.071B in warranty claims paid by 27 homebuilders in 2024; avg accrual $2,980 per new home",html|csv,2024,annual,url,no,yes,yes,no,no,Publicly available industry analysis,2,7,context,Builder warranty financial data; industry analysis,yes,https://www.warrantyweek.com/archive/ww20250417.html
SRC-PRP-013,Hippo Home Repair Scam Analysis,Hippo Insurance,hippo.com,report,property_contractor,"81,925 FTC home improvement scam reports; $1,800 average loss per BBB; scam pattern analysis",html,2024-2025,annual,url,no,yes,yes,no,no,Publicly available; vendor-sponsored analysis,2,7,context,Insurance industry home repair scam data,yes,https://www.hippo.com/blog/home-repair-scams
SRC-PRP-014,Nevada State Contractors Board,Nevada NSCB,nvcontractorsboard.com,report,property_contractor,"Disciplinary procedures; fines up to $10,000 per violation; non-licensee penalties up to $15,000",html|pdf,2024,ongoing,url,yes,yes,yes,yes,no,Public domain; state government data,1,6,ledger_ready,State-level contractor disciplinary data,yes,https://www.nvcontractorsboard.com/investigations/disciplinary-actions/
SRC-PRP-015,North Carolina Licensing Board for General Contractors,NC LBGC,nclbgc.org,report,property_contractor,Quarterly disciplinary action summaries; consent orders; license actions,html|pdf,2025,quarterly,url,yes,yes,yes,yes,no,Public domain; state government data,1,6,ledger_ready,Quarterly state contractor board enforcement,yes,https://nclbgc.org/2025/04/02/board-buzz-spring-2025/
SRC-PRP-016,California CSLB License Law Reference Book 2024,California CSLB,cslb.ca.gov,standard,property_contractor,"Full citation penalty schedule ($200-$30,000); complaint procedures; contract requirements",pdf,2024,annual,download,no,no,no,no,no,Public domain; state regulatory guidance,1,7,context,Regulatory penalty schedule and complaint procedures,yes,https://www.cslb.ca.gov/Resources/GuidesAndPublications/2024/2024-CA-License-Law-Reference-Book.pdf
SRC-AST-001,DOJ Onur Aksoy Counterfeit Cisco Sentencing,DOJ,justice.gov,enforcement_action,asset_compute,$100M+ counterfeit Cisco equipment; 19 companies; military systems F-15/F-22; 6.5 year prison sentence; $100M restitution,html|pdf,2014-2024,one-time,url,yes,yes,yes,yes,no,Public domain; federal court records,1,10,ledger_ready,Definitive counterfeit hardware case; national security implications,yes,https://www.justice.gov/usao-sdfl/pr/leader-massive-scheme-traffic-counterfeit-cisco-equipment-sentenced
SRC-AST-002,State Department OIG Grey Market Cisco Alert,State Dept OIG,state.gov,advisory,asset_compute,"Non-genuine Cisco devices in federal networks; counterfeit products, tampered serial numbers, no firmware support",html|pdf,2025,one-time,url,no,yes,yes,no,no,Public domain; federal government fraud alert,1,9,ledger_ready,Government acknowledgment of counterfeit risk in federal procurement,yes,https://www.state.gov/oig
SRC-AST-003,NIST AMD Trust and Provenance Workshop,NIST/AMD,nist.gov,report,asset_compute,Semiconductor supply chain risks; counterfeit incidents 2022-2025; Fudan Micro clone; Fujian Jinhua case,pdf|html,2022-2025,ongoing,url,no,yes,yes,no,no,Public domain; federal workshop materials,1,9,ledger_ready,Government workshop on semiconductor supply chain integrity,yes,https://www.nist.gov
SRC-AST-004,Tom's Hardware Counterfeit RTX 4090,Tom's Hardware,tomshardware.com,news,asset_compute,Counterfeit RTX 4090 with re-marked RTX 3080 Ti die; counterfeit memory; professional-grade forgery,html,2024,ongoing,url,no,yes,yes,no,no,Publicly available tech journalism,1,9,ledger_ready,Detailed technical analysis of GPU counterfeiting methods,yes,https://www.tomshardware.com
SRC-AST-005,Gamers Nexus Counterfeit AMD 9800X3D,Gamers Nexus,gamersnexus.net,news,asset_compute,Fake CPU with no silicon die; empty shell; Amazon direct sale; forensic-level documentation,html|video,2025,ongoing,url,no,yes,yes,no,no,Publicly available investigative journalism,1,9,ledger_ready,Forensic-level documentation of empty-shell CPU counterfeit,yes,https://www.gamersnexus.net
SRC-AST-006,Tom's Hardware eBay RTX 5090 Component Stripping,Tom's Hardware,tomshardware.com,news,asset_compute,"$4,000 RTX 5090 returned with missing GPU die; component stripping fraud; expert-level soldering",html,2026,ongoing,url,no,yes,yes,no,no,Publicly available tech journalism,1,8,ledger_ready,Return fraud with component stripping documentation,yes,https://www.tomshardware.com
SRC-AST-007,Amazon RBK Refund Fraud Lawsuit,Amazon/PCMag,pcmag.com,enforcement_action,asset_compute,"$4M+ in fraudulent refunds; RBK group 1,000+ Telegram subscribers; targeted GPUs and laptops",html,2026,ongoing,url,no,yes,yes,yes,no,Publicly available court filing reporting,1,8,ledger_ready,Organized refund fraud targeting electronics; legal documentation,yes,https://www.pcmag.com/news/amazon-sues-over-refund-scam-involving-gpus-laptops
SRC-AST-008,REKK Refund Fraud Judgment,Courthouse News,courthousenews.com,enforcement_action,asset_compute,"$2.4M judgment; 100,000+ fraudulent orders; Amazon insider bribery; Telegram-based operation",html,2025,one-time,url,no,yes,yes,yes,no,Publicly available court reporting,1,8,ledger_ready,Organized refund fraud ring judgment; cross-retailer operation,yes,https://www.courthousenews.com
SRC-AST-009,Singapore Nvidia Chip Smuggling Case,TechCrunch,techcrunch.com,news,asset_compute,$390M server fraud; Nvidia chips export control evasion; Dell/Super Micro deception; Malaysia-China diversion,html,2025,ongoing,url,no,yes,yes,yes,no,Publicly available tech journalism,1,8,ledger_ready,AI chip export control evasion at national scale,yes,https://techcrunch.com/2025/03/13/singapore-grants-bail-for-nvidia-chip-smugglers-in-alleged-390m-fraud/
SRC-AST-010,CNAS Countering AI Chip Smuggling,CNAS,cnas.org,report,asset_compute,AI chip smuggling as national security priority; export control analysis; policy recommendations,html|pdf,2025,ongoing,url,no,yes,no,no,no,Publicly available think tank report,1,8,context,Policy-level analysis of AI chip diversion at scale,yes,https://www.cnas.org
SRC-AST-011,CPSC Recall Record 2025,CPSC,cpsc.gov,enforcement_action,asset_compute,"376 recalls by Sep 2025 (record); 66% Chinese products; 92% from e-commerce; 750,000+ units seized",html|csv,2024-2025,ongoing,api,no,yes,yes,no,no,Public domain; federal government database,1,8,ledger_ready,Consumer product safety recall data; e-commerce risk indicator,yes,https://www.cpsc.gov
SRC-AST-012,FTC Protecting Older Consumers 2024-2025,FTC,ftc.gov,report,asset_compute,Elder fraud patterns; enforcement actions; financial losses; Restoro $25.5M; Aqua Finance $20M,pdf,2020-2024,annual,download,no,yes,yes,yes,no,Public domain; federal government report,1,8,ledger_ready,Consumer protection enforcement with asset/repair fraud data,yes,https://www.ftc.gov
SRC-AST-013,ERAI Counterfeit Parts Report 2024,ERAI/Siemens,siemens.com,report,asset_compute,"25% increase in counterfeit parts 2024; highest since 2015; analog ICs, PLCs, microprocessors most targeted",html|pdf,2024,annual,url,no,yes,no,no,no,Publicly available industry report,2,7,context,Electronics component counterfeiting industry statistics,yes,https://www.siemens.com
SRC-AST-014,Eclypsium Counterfeit Device Cyber Risk,Eclypsium,eclypsium.com,report,asset_compute,Counterfeit hardware cybersecurity risks; secondary server market $40.2B growing to $140B+; firmware vulnerabilities,html|pdf,2026,ongoing,url,no,yes,yes,no,no,Publicly available; vendor-sponsored research,2,8,context,Cybersecurity analysis of counterfeit hardware risks,yes,https://www.eclypsium.com
SRC-AST-015,Merchant Risk Council eCommerce Fraud 2025,Merchant Risk Council,merchantriskeouncil.com,report,asset_compute,Global e-commerce payment fraud trends; merchant risk indicators; fraud prevention strategies,html|pdf,2025,annual,download,no,yes,yes,no,no,Publicly available; industry body report,2,7,context,E-commerce fraud industry benchmark data,yes,https://www.merchantriskeouncil.com
SRC-AST-016,Signifyd State of Fraud and Returns 2025,Signifyd,signifyd.com,report,asset_compute,Returns fraud trends; card testing; abuse patterns; $103B fraudulent returns in US,html|pdf,2025,annual,url,no,yes,yes,no,no,Publicly available; vendor-sponsored research,2,7,context,Returns fraud and abuse trend data,yes,https://www.signifyd.com
SRC-AST-017,DataCenter Forum Outage Report,DataCenter Forum,datacenterforum.net,report,asset_compute,"54% of organizations report outage costs exceeding $100,000; 20% exceed $1M; power failures 54% root cause",html,2024-2025,annual,url,no,yes,yes,no,no,Publicly available; industry data,2,8,context,Data center outage cost and cause statistics,yes,https://www.datacenterforum.net
SRC-AST-018,DPS Telecom 2025 Data Center Outage Report,DPS Telecom,dpstelecom.com,report,asset_compute,Power failures as root cause of 54% of impactful outages; IT/network complexity growing vulnerability,html|pdf,2025,annual,url,no,yes,no,no,no,Publicly available; vendor-sponsored,2,7,context,Data center outage root cause analysis,yes,https://www.dpstelecom.com
SRC-AST-019,ScienceDirect Semiconductor Supply Chain,ScienceDirect,sciencedirect.com,report,asset_compute,Peer-reviewed systematic review of semiconductor supply chain resilience; risks and mitigation,pdf,2025,ongoing,url,no,no,no,no,no,Open access academic paper,1,8,context,Peer-reviewed academic supply chain risk research,yes,https://www.sciencedirect.com
SRC-AST-020,HADCO USPAP Equipment Appraisals,HADCO International,hadco.net,standard,asset_compute,USPAP standards for equipment valuation; industrial/heavy equipment focus; appraisal methodology,html|pdf,2024,ongoing,url,no,no,no,no,no,Publicly available standards analysis,2,6,context,Equipment appraisal standards; limited electronics coverage,yes,https://www.hadco.net
SRC-AST-021,American Society of Appraisers Equipment Valuation,ASA,appraisers.org,standard,asset_compute,"Machinery and equipment valuation courses (ME201-ME204); cost, market, income approaches",html|pdf,2024,ongoing,url,no,no,no,no,no,Publicly available professional standards,2,6,context,Professional equipment appraisal standards,yes,https://www.appraisers.org
SRC-AST-022,OpenFox Blockchain Chain of Custody,OpenFox,openfox.com,report,asset_compute,SHA-256 hashes; C2PA 2.2 standards; smart contracts for custody changes; ISO 27037 mapping,html|pdf,2026,ongoing,url,no,no,no,no,no,Publicly available technical analysis,2,6,context,Blockchain provenance for hardware chain-of-custody,yes,https://www.openfox.com
SRC-AST-023,Astute Group Counterfeit GPUs,Astute Group,astutegroup.com,report,asset_compute,Counterfeit GPU trends; AS6081/AS6171 standards; 25% increase in counterfeit parts,html|pdf,2024,ongoing,url,no,yes,no,no,no,Publicly available industry report; vendor-sponsored,2,7,context,GPU counterfeiting trend analysis and standards,yes,https://www.astutegroup.com
SRC-AST-024,BrandShield Online Marketplace Scams 2025,BrandShield,brandshield.com,report,asset_compute,Top 10 marketplace scam types; brand protection intelligence; online fraud trends,html|pdf,2025,annual,url,no,yes,yes,no,no,Publicly available; vendor-sponsored report,2,7,context,Online marketplace scam intelligence,yes,https://www.brandshield.com
SRC-AST-025,Cropink eCommerce Fraud Statistics 2026,Cropink,cropink.com,report,asset_compute,$44.3B global e-commerce fraud losses 2024; $48B projected 2025; $207 loss per $100 fraud; NA 42%,html,2024-2026,annual,url,no,yes,yes,no,no,Publicly available research compilation,2,7,context,Comprehensive e-commerce fraud statistics,yes,https://www.cropink.com
SRC-AST-026,SMT Corp Counterfeit Components,SMT Corp,smtcorp.com,report,asset_compute,Technology advancements accelerating counterfeit electronics; AI and market dynamics analysis,html|pdf,2026,ongoing,url,no,no,no,no,no,Publicly available industry report,2,7,context,Counterfeit electronics manufacturing trend analysis,yes,https://www.smtcorp.com
SRC-AST-027,Payments Association Fraud Trends 2025,Payments Association,thepaymentsassociation.org,report,asset_compute,Top 5 fraud trends for high-risk merchants; AI-driven scams; chargeback trends,html|pdf,2025,annual,url,no,yes,yes,no,no,Publicly available; industry body report,2,7,context,Payment fraud trends for high-risk merchants,yes,https://thepaymentsassociation.org
SRC-AIA-001,NIST AI RMF Agentic Profile,CSA/NIST,cloudsecurityalliance.org,standard,ai_agent_trust,Four-tier autonomy classification; governance requirements; runtime behavioral telemetry; tool-use risk inventory,pdf|html,2026,ongoing,download,no,no,no,yes,no,Public domain; federal standards framework,1,10,ledger_ready,Foundational governance framework for AI agents; May 2026,yes,https://cloudsecurityalliance.org/artifacts/nist-ai-rmf-agentic-systems-profile/
SRC-AIA-002,EU AI Act Portal,European Commission,european-commission.europa.eu,standard,ai_agent_trust,Risk-based AI classifications; penalties up to EUR 35M or 7% global turnover; prohibited practices; GPAI obligations,html,2024-2026,ongoing,url,no,no,no,yes,no,Public domain; EU regulation,1,10,ledger_ready,Binding regulation with significant penalties; phased implementation,yes,https://digital-strategy.ec.europa.eu/en/policies/regulatory-framework-ai
SRC-AIA-003,OECD AI Incidents Monitor Trends,OECD,oecd.ai,dataset,ai_agent_trust,2.7x increase cyberattack/fraud AI incidents 2022-2025; synthetic media 2.5x; 14 incident themes tracked,html|csv|json,2022-2025,quarterly,api,no,yes,yes,no,no,Open data; IGO publication,1,10,ledger_ready,Standardized international AI incident tracking; OECD.AI,yes,https://oecd.ai/en/incidents
SRC-AIA-004,Stanford HAI Legal Hallucination Study,Stanford HAI,hai.stanford.edu,report,ai_agent_trust,LLMs hallucinate 58-88% on legal queries; Lexis+ AI 17%; Westlaw AI 34%; GPT-4 43%,pdf|html,2024-2025,annual,download,no,no,no,no,no,Open access academic research,1,10,ledger_ready,Peer-reviewed legal AI hallucination rates; authoritative academic source,yes,https://hai.stanford.edu
SRC-AIA-005,NIST ARIA Program,NIST,nist.gov,report,ai_agent_trust,Assessing Risks and Impacts of AI; 457 participants in 2024 pilot; public CTF exercise; red teaming framework,html|pdf,2024-2025,ongoing,url,no,no,no,no,no,Public domain; federal government program,1,9,context,AI risk assessment program; evaluation methodology,yes,https://www.nist.gov/itl/aria
SRC-AIA-006,ISO IEC 42001 Standard,ISO,iso.org,standard,ai_agent_trust,First certifiable international AI management system standard; PDCA model; 3-year certification cycle,pdf|html,2023-2026,ongoing,purchase,no,no,no,yes,no,ISO standard; purchase required for full text,1,9,ledger_ready,Certifiable AI governance standard; widely adopted globally,yes,https://www.iso.org/standard/81230.html
SRC-AIA-007,OWASP Top 10 for Agentic AI,OWASP,owasp.org,standard,ai_agent_trust,Goal hijacking #1; tool misuse #2; privilege abuse #3; memory poisoning #6; cascading failures #8,html|pdf,2025,annual,download,no,no,no,no,no,Open source standard; freely available,1,10,ledger_ready,Industry-standard agentic AI security risk framework; Dec 2025 release,yes,https://owasp.org/www-project-agentic-ai-security/
SRC-AIA-008,2025 AI Agent Index,MIT/arXiv,arxiv.org,report,ai_agent_trust,Agentic AI capabilities assessment; 25+ agent systems evaluated; autonomy levels; risk categorization,pdf,2026,annual,download,no,no,no,no,no,Open access academic preprint,1,9,context,Academic AI agent capabilities and risk assessment,yes,https://arxiv.org/abs/2502.10500
SRC-AIA-009,Blackbird.ai OpenClaw Moltbook Analysis,Blackbird.ai,blackbird.ai,report,ai_agent_trust,"100,000+ OpenClaw installations; 22% enterprise shadow AI; CVE-2025-53773 CVSS 9.6; credential theft",html|pdf,2024-2026,ongoing,url,no,yes,yes,no,yes,Publicly available; vendor-sponsored analysis,2,8,context,AI agent security incident analysis; shadow AI risk data,yes,https://www.blackbird.ai
SRC-AIA-010,Wiz.io Agentic Browser Security Review,Wiz.io,wiz.io,report,ai_agent_trust,Agentic browser security analysis; ChatGPT Operator task injection; OpenAI Atlas tainted memory; CometJacking,html|pdf,2025-2026,annual,url,no,no,no,no,no,Publicly available; vendor-sponsored research,2,8,context,Comprehensive agentic browser security vulnerability assessment,yes,https://www.wiz.io/blog/agentic-ai-security
SRC-AIA-011,LayerX CometJacking Research,LayerX Security,layerxsecurity.com,report,ai_agent_trust,Perplexity Comet hijacking via weaponized URL; email/calendar data exfiltration; Base64 bypass,html|pdf,2025,ongoing,url,no,no,no,no,no,Publicly available security research; vendor-sponsored,2,8,context,Specific agentic browser exploitation technique research,yes,https://www.layerxsecurity.com
SRC-AIA-012,Miami Law Review Mobley v Workday,Miami Law Review,law.miami.edu,report,ai_agent_trust,"AI vendors as agents of employers; Title VII, ADEA, ADA claims; 1.1B applications rejected; class action certified",html|pdf,2023-2025,ongoing,url,no,yes,yes,yes,yes,Publicly available academic legal analysis,2,9,ledger_ready,Landmark AI vendor liability case; nationwide class action; PII in court filings,yes,https://lawreview.law.miami.edu
SRC-AIA-013,Databahn AI Agents Security Incidents,Databahn.ai,databahn.ai,dataset,ai_agent_trust,AI agent security incident database; 1.5M Moltbook agents; 17K operators; 506 prompt injections; credential exposure,html|csv,2024-2026,ongoing,url,no,yes,yes,no,yes,Publicly available; industry incident database,2,8,context,AI agent security incident tracking database,yes,https://www.databahn.ai
SRC-AIA-014,Resemble AI Deepfake Threat Report,Resemble AI,resemble.ai,report,ai_agent_trust,$1.28B deepfake fraud losses 2025; celebrity impersonation $401M; executive impersonation $217M,html|pdf,2025,annual,url,no,yes,yes,no,no,Publicly available; vendor-sponsored report,2,8,context,Deepfake fraud financial impact analysis,yes,https://www.resemble.ai
SRC-AIA-015,Surfshark Deepfake Fraud Losses,Surfshark,surfshark.com,report,ai_agent_trust,$897M total deepfake fraud since 2019; loss breakdown by category; geographic distribution,html|pdf,2019-2025,annual,url,no,yes,yes,no,no,Publicly available; vendor-sponsored research,2,7,context,Deepfake fraud historical trend data,yes,https://surfshark.com
SRC-AIA-016,Trantor AI Agent Failure Modes,Trantor,trantor.ai,report,ai_agent_trust,Production AI agent failure modes; retry loop cost explosions; infinite loops; silent quality degradation,html|pdf,2025-2026,ongoing,url,no,yes,yes,no,no,Publicly available; vendor-sponsored analysis,2,7,context,AI agent production failure mode analysis,yes,https://www.trantor.ai
SRC-AIA-017,Augment Code Multi-Agent Failures,Augment Code,augmentcode.com,report,ai_agent_trust,Multi-agent production failures; 24% chain collapse on single faulty agent; collusive validation; hallucination cascades,html|pdf,2026,ongoing,url,no,no,no,no,no,Publicly available; vendor-sponsored analysis,2,7,context,Multi-agent system failure analysis,yes,https://www.augmentcode.com
SRC-AIA-018,OECD Common Reporting Framework for AI Incidents,OECD,oecd.ai,standard,ai_agent_trust,88 criteria across 8 dimensions for standardized incident reporting; harmonized AI incident taxonomy,html|pdf|json,2025,ongoing,api,no,no,no,no,no,Open data; IGO standard,1,9,ledger_ready,International standard for AI incident reporting; OECD.AI,yes,https://oecd.ai/en/incidents/reporting-framework
SRC-AIA-019,FourDots AI Hallucination Business Impact,FourDots,fourdots.com,report,ai_agent_trust,"Court AI hallucination cases: 10 (2023), 37 (2024), 73 (Jan-May 2025); sanctions $10K+ in 5 cases",html|pdf,2023-2025,ongoing,url,no,yes,yes,yes,no,Publicly available industry analysis,2,8,ledger_ready,Legal AI hallucination case tracking with financial penalties,yes,https://www.fourdots.com
SRC-AIA-020,Jones Walker AI Vendor Liability,Jones Walker,joneswalker.com,report,ai_agent_trust,88% of AI vendors cap liability; only 17% provide regulatory compliance warranties; indemnification clauses,html|pdf,2025,ongoing,url,no,yes,no,no,no,Publicly available legal analysis,2,8,context,AI vendor contract liability analysis,yes,https://www.joneswalker.com
SRC-AIA-021,Lasso Security Agentic AI Threats,Lasso Security,lasso.security,report,ai_agent_trust,Agentic AI security threats; MCP tool backdoors; agent-to-agent attack vectors; prompt injection in agents,html|pdf,2025,ongoing,url,no,no,no,no,no,Publicly available; vendor-sponsored security research,2,7,context,Agentic AI-specific threat research,yes,https://www.lasso.security
SRC-AIA-022,Metamindz AI Auditing Frameworks,Metamindz,metamindz.com,report,ai_agent_trust,5 AI auditing frameworks comparison; 38 US states with AI laws; 41.6% orgs have AI ethics board,html|pdf,2025,ongoing,url,no,no,no,no,no,Publicly available industry analysis,2,7,context,AI auditing framework landscape analysis,yes,https://www.metamindz.com
SRC-AIA-023,Mindgard AI Red Teaming Guide,Mindgard,mindgard.ai,report,ai_agent_trust,AI red teaming methodology; Meta Llama CVE-2024-50050 CVSS 9.3; ASR/MTTC/Coverage target metrics,html|pdf,2026,ongoing,url,no,no,no,no,no,Publicly available; vendor-sponsored security research,2,7,context,AI red teaming and security evaluation guidance,yes,https://www.mindgard.ai
SRC-AIA-024,PromptFoo DeepSeek R1 Security,PromptFoo,promptfoo.dev,report,ai_agent_trust,DeepSeek R1 security evaluation; jailbreak resistance; prompt injection vulnerability assessment,html|pdf,2025,ongoing,url,no,no,no,no,no,Open source security research,2,7,context,Specific model security evaluation methodology,yes,https://www.promptfoo.dev
SRC-AIA-025,arXiv Towards Public Red Teaming Model,arXiv,arxiv.org,report,ai_agent_trust,Public red teaming model proposal; 457 NIST ARIA participants; multilingual red teaming; coverage metrics,pdf,2025,ongoing,download,no,no,no,no,no,Open access academic preprint,1,8,context,Academic research on public AI red teaming models,yes,https://arxiv.org/abs/2501.01234
SRC-AIA-026,Simon Willison Agentic Browser Security,Simon Willison,simonwillison.net,report,ai_agent_trust,Agentic browser security analysis; LLM inability to distinguish trusted from untrusted content; Comet vulnerabilities,html,2025,ongoing,url,no,no,no,no,no,Open access expert analysis,2,8,context,Expert security analysis of agentic browser architectures,yes,https://simonwillison.net
SRC-AIA-027,Walters v OpenAI Decision Analysis,Schjodt Law,schjodt.com,report,ai_agent_trust,ChatGPT defamation case dismissal; reasonable person standard; AI disclaimer limitations,html|pdf,2023-2025,one-time,url,no,yes,yes,no,no,Publicly available legal analysis,2,8,context,First AI defamation case legal analysis and implications,yes,https://www.schjodt.com
SRC-AIA-028,Air Canada Chatbot Case Study,Envive.ai,envive.ai,report,ai_agent_trust,Air Canada chatbot bereavement fare hallucination; C$812 tribunal award; company liable for AI output,html|pdf,2024,one-time,url,no,yes,yes,yes,no,Publicly available case study analysis,2,8,ledger_ready,Landmark case: companies liable for chatbot output errors,yes,https://www.envive.ai
SRC-AIA-029,C2PA Technical Review World Privacy Forum,World Privacy Forum,worldprivacyforum.org,report,ai_agent_trust,C2PA provenance specification analysis; content credential adoption; privacy implications; trust chain,html|pdf,2025,ongoing,url,no,no,no,no,no,Publicly available advocacy research,2,7,context,Content provenance and authenticity framework analysis,yes,https://www.worldprivacyforum.org
SRC-AIA-030,DeepStrike Deepfake Statistics 2025,DeepStrike,deepstrike.io,report,ai_agent_trust,Deepfake volume 900% annual growth; <$50 creation cost 91% of cases; 296.4B media impressions,html|pdf,2025,annual,url,no,yes,yes,no,no,Publicly available threat intelligence,2,7,context,Deepfake creation cost and volume statistics,yes,https://www.deepstrike.io
SRC-AIA-031,Q2 2025 Deepfake Incident Report,Industry,deepfake-incidents.org,dataset,ai_agent_trust,Quarterly deepfake incident tracking; HUD deepfake; Brad Pitt scam EUR 830K; Ferrari espionage attempt,html|csv,2025,quarterly,url,no,yes,yes,no,no,Publicly available incident tracking,2,7,context,Quarterly deepfake incident compilation,yes,https://www.deepfake-incidents.org
SRC-AIA-032,Seyfarth Shaw Mobley v Workday Legal Update,Seyfarth Shaw,seyfarth.com,report,ai_agent_trust,AI vendor liability analysis; nationwide class action implications; discrimination claims under Title VII/ADEA/ADA,html|pdf,2024-2025,ongoing,url,no,yes,yes,yes,no,Publicly available legal analysis,2,8,context,Legal practice analysis of landmark AI discrimination case,yes,https://www.seyfarth.com
SRC-AIA-033,American Bar Association AI Cases and Legislation,ABA,americanbar.org,report,ai_agent_trust,AI case law tracking; legislation monitoring; Thomson Reuters v Ross Intelligence copyright ruling,html|pdf,2025,ongoing,url,no,yes,yes,no,no,Publicly available professional analysis,2,7,context,Legal profession AI case and legislation tracker,yes,https://www.americanbar.org
SRC-AIA-034,ABC7 GM Cruise Robotaxi Investigation,ABC7,abc7news.com,news,ai_agent_trust,Cruise robotaxi pedestrian accident; $10B+ GM investment written off; regulatory license suspended; executive resignations,html|video,2023-2025,ongoing,url,no,yes,yes,yes,no,Publicly available news reporting,2,8,context,Autonomous vehicle accountability case study,yes,https://abc7news.com
SRC-AIA-035,OnHealthcare AI Data Provenance,OnHealthcare.tech,onhealthcare.tech,report,ai_agent_trust,AI data provenance in healthcare; patient data lineage; model training data tracking; HIPAA compliance,html|pdf,2025,ongoing,url,no,no,no,no,yes,Publicly available industry analysis; PII in healthcare context,2,7,context,Healthcare AI data provenance architecture,yes,https://www.onhealthcare.tech
SRC-AIA-036,SparkCo AI Audit Trails,SparkCo.ai,sparkco.ai,report,ai_agent_trust,AI model audit trail methodology; cell-level lineage; version history; tamper-proof storage; 30% compliance efficiency gain,html|pdf,2025,ongoing,url,no,no,no,no,no,Publicly available technical analysis,2,7,context,AI audit trail technical implementation guidance,yes,https://www.sparkco.ai
SRC-AIA-037,Chicago Business Law Review AI Section 230,Chicago Business Law Review,chicagobusinesslaw.org,report,ai_agent_trust,AI and Section 230 immunity analysis; publisher vs platform liability; emerging legal framework,html|pdf,2025,ongoing,url,no,no,no,no,no,Open access academic journal,2,7,context,Academic analysis of AI liability and Section 230,yes,https://www.chicagobusinesslaw.org
SRC-AIA-038,Penligent OpenClaw Moltbot Analysis,Penligent.ai,penligent.ai,report,ai_agent_trust,OpenClaw/Moltbot hacking analysis; command injection CVE; plaintext credentials; cryptocurrency theft,html|pdf,2026,one-time,url,no,yes,yes,no,yes,Publicly available security research,2,8,context,Technical vulnerability analysis of popular AI agent tool,yes,https://www.penligent.ai
